"ref","name","unit","unit_price_sek","category"
"","","","",""
"","","","",""
"","","","",""
"","","","",""
"","","","",""
"","","","",""
"","","","",""
"","","","",""
"","","","",""
"","","","",""
"","","","",""
"","","","",""
"","","","",""
"","","","",""
"","","","",""
"","","","",""
"","","","",""
"","","","",""
"","","","",""
"","","","",""
"","","","",""
"","","","",""
"","","","",""
"","","","",""
"","","","",""
"","","","",""
"","","","",""
"","","","",""
"","","","",""
"","","","",""
"","","","",""
"","","","",""
"","","","",""
"","","","",""
"","","","",""
"","","","",""
"","","","",""
"","","","",""
"","","","",""
"","","","",""
"","","","",""
"","","","",""
"","","","",""
"","","","",""
"","","","",""
"","","","",""
"","","","",""
"","","","",""
"","","","",""
"","","","",""
"","","","",""
"","","","",""
"","","","",""
"","","","",""
"","","","",""
"","","","",""
"","","","",""
"","","","",""
"","","","",""
"","","","",""
"","","","",""
"","","","",""
"","","","",""
"","","","",""
"","","","",""
"","","","",""
"","","","",""
"","","","",""
"","","","",""
"","","","",""
"","","","",""
"","","","",""
"","","","",""
"","","","",""
"","","","",""
"","","","",""
"","","","",""
"","","","",""
"","","","",""
"","","","",""
"","","","",""
"","","","",""
"","","","",""
"","","","",""
"","","","",""
"","","","",""
"","","","",""
"","","","",""
"","","","",""
"","","","",""
"","","","",""
"","","","",""
"","","","",""
"","","","",""
"","","","",""
"","","","",""
"","","","",""
"","","","",""
"","","","",""
"","","","",""
"","","","",""
"","","","",""
"","","","",""
"","","","",""
"","","","",""
"","","","",""
"","","","",""
"","","","",""
"","","","",""
"","","","",""
"","","","",""
"","","","",""
"","","","",""
"","","","",""
"","","","",""
"","","","",""
"","","","",""
"","","","",""
"","","","",""
"","","","",""
"","","","",""
"","","","",""
"","","","",""
"","","","",""
"","","","",""
"","","","",""
"","","","",""
"","","","",""
"","","","",""
"","","","",""
"","","","",""
"","","","",""
"","","","",""
"","","","",""
"","","","",""
"","","","",""
"","","","",""
"","","","",""
"","","","",""
"","","","",""
"","","","",""
"","","","",""
"","","","",""
"","","","",""
"","","","",""
"","","","",""
"","","","",""
"","","","",""
"","","","",""
"","","","",""
"","","","",""
"","","","",""
"","","","",""
"","","","",""
"","","","",""
"","","","",""
"","","","",""
"","","","",""
"","","","",""
"","","","",""
"","","","",""
"","","","",""
"","","","",""
"","","","",""
"","","","",""
"","","","",""
"","","","",""
"","","","",""
"","","","",""
"","","","",""
"","","","",""
"","","","",""
"","","","",""
"","","","",""
"","","","",""
"","","","",""
"","","","",""
"","","","",""
"","","","",""
"","","","",""
"","","","",""
"","","","",""
"","","","",""
"","","","",""
"","","","",""
"","","","",""
"","","","",""
"","","","",""
"","","","",""
"","","","",""
"","","","",""
"","","","",""
"","","","",""
"","","","",""
"","","","",""
"","","","",""
"","","","",""
"","","","",""
"","","","",""
"","","","",""
"","","","",""
"","","","",""
"","","","",""
"","","","",""
"","","","",""
"","","","",""
"","","","",""
"","","","",""
"","","","",""
"","","","",""
"","","","",""
"","","","",""
"","","","",""
"","","","",""
"","","","",""
"","","","",""
"","","","",""
"","","","",""
"","","","",""
"","","","",""
"","","","",""
"","","","",""
"","","","",""
"","","","",""
"","","","",""
"","","","",""
"","","","",""
"","","","",""
"","","","",""
"","","","",""
"","","","",""
"","","","",""
"","","","",""
"","","","",""
"","","","",""
"","","","",""
"","","","",""
"","","","",""
"","","","",""
"","","","",""
"","","","",""
"","","","",""
"","","","",""
"","","","",""
"","","","",""
"","","","",""
"","","","",""
"","","","",""
"","","","",""
"","","","",""
"","","","",""
"","","","",""
"","","","",""
"","","","",""
"","","","",""
"","","","",""
"","","","",""
"","","","",""
"","","","",""
"","","","",""
"","","","",""
"","","","",""
"","","","",""
"","","","",""
"","","","",""
"","","","",""
"","","","",""
"","","","",""
"","","","",""
"","","","",""
"","","","",""
"","","","",""
"","","","",""
"","","","",""
"","","","",""
"","","","",""
"","","","",""
"","","","",""
"","","","",""
"","","","",""
"","","","",""
"","","","",""
"","","","",""
"","","","",""
"","","","",""
"","","","",""
"","","","",""
"","","","",""
"","","","",""
"","","","",""
"","","","",""
"","","","",""
"","","","",""
"","","","",""
"","","","",""
"","","","",""
"","","","",""
"","","","",""
"","","","",""
"","","","",""
"","","","",""
"","","","",""
"","","","",""
"","","","",""
"","","","",""
"","","","",""
"","","","",""
"","","","",""
"","","","",""
"","","","",""
"","","","",""
"","","","",""
"","","","",""
"","","","",""
"","","","",""
"","","","",""
"","","","",""
"","","","",""
"","","","",""
"","","","",""
"","","","",""
"","","","",""
"","","","",""
"","","","",""
"","","","",""
"","","","",""
"","","","",""
"","","","",""
"","","","",""
"","","","",""
"","","","",""
"","","","",""
"","","","",""
"","","","",""
"","","","",""
"","","","",""
"","","","",""
"","","","",""
"","","","",""
"","","","",""
"","","","",""
"","","","",""
"","","","",""
"","","","",""
"","","","",""
"","","","",""
"","","","",""
"","","","",""
"","","","",""
"","","","",""
"","","","",""
"","","","",""
"","","","",""
"","","","",""
"","","","",""
"","","","",""
"","","","",""
"","","","",""
"","","","",""
"","","","",""
"","","","",""
"","","","",""
"","","","",""
"","","","",""
"","","","",""
"","","","",""
"","","","",""
"","","","",""
"","","","",""
"","","","",""
"","","","",""
"","","","",""
"","","","",""
"","","","",""
"","","","",""
"","","","",""
"","","","",""
"","","","",""
"","","","",""
"","","","",""
"","","","",""
"","","","",""
"","","","",""
"","","","",""
"","","","",""
"","","","",""
"","","","",""
"","","","",""
"","","","",""
"","","","",""
"","","","",""
"","","","",""
"","","","",""
"","","","",""
"","","","",""
"","","","",""
"","","","",""
"","","","",""
"","","","",""
"","","","",""
"","","","",""
"","","","",""
"","","","",""
"","","","",""
"","","","",""
"","","","",""
"","","","",""
"","","","",""
"","","","",""
"","","","",""
"","","","",""
"","","","",""
"","","","",""
"","","","",""
"","","","",""
"","","","",""
"","","","",""
"","","","",""
"","","","",""
"","","","",""
"","","","",""
"","","","",""
"","","","",""
"","","","",""
"","","","",""
"","","","",""
"","","","",""
"","","","",""
"","","","",""
"","","","",""
"","","","",""
"","","","",""
"","","","",""
"","","","",""
"","","","",""
"","","","",""
"","","","",""
"","","","",""
"","","","",""
"","","","",""
"","","","",""
"","","","",""
"","","","",""
"","","","",""
"","","","",""
"","","","",""
"","","","",""
"","","","",""
"","","","",""
"","","","",""
"","","","",""
"","","","",""
"","","","",""
"","","","",""
"","","","",""
"","","","",""
"","","","",""
"","","","",""
"","","","",""
"","","","",""
"","","","",""
"","","","",""
"","","","",""
"","","","",""
"","","","",""
"","","","",""
"","","","",""
"","","","",""
"","","","",""
"","","","",""
"","","","",""
"","","","",""
"","","","",""
"","","","",""
"","","","",""
"","","","",""
"","","","",""
"","","","",""
"","","","",""
"","","","",""
"","","","",""
"","","","",""
"","","","",""
"","","","",""
"","","","",""
"","","","",""
"","","","",""
"","","","",""
"","","","",""
"","","","",""
"","","","",""
"","","","",""
"","","","",""
"","","","",""
"","","","",""
"","","","",""
"","","","",""
"","","","",""
"","","","",""
"","","","",""
"","","","",""
"","","","",""
"","","","",""
"","","","",""
"","","","",""
"","","","",""
"","","","",""
"","","","",""
"","","","",""
"","","","",""
"","","","",""
"","","","",""
"","","","",""
"","","","",""
"","","","",""
"","","","",""
"","","","",""
"","","","",""
"","","","",""
"","","","",""
"","","","",""
"","","","",""
"","","","",""
"","","","",""
"","","","",""
"","","","",""
"","","","",""
"","","","",""
"","","","",""
"","","","",""
"","","","",""
"","","","",""
"","","","",""
"","","","",""
"","","","",""
"","","","",""
"","","","",""
"","","","",""
"","","","",""
"","","","",""
"","","","",""
"","","","",""
"","","","",""
"","","","",""
"","","","",""
"","","","",""
"","","","",""
"","","","",""
"","","","",""
"","","","",""
"","","","",""
"","","","",""
"","","","",""
"","","","",""
"","","","",""
"","","","",""
"","","","",""
"","","","",""
"","","","",""
"","","","",""
"","","","",""
"","","","",""
"","","","",""
"","","","",""
"","","","",""
"","","","",""
"","","","",""
"","","","",""
"","","","",""
"","","","",""
"","","","",""
"","","","",""
"","","","",""
"","","","",""
"","","","",""
"","","","",""
"","","","",""
"","","","",""
"","","","",""
"","","","",""
"","","","",""
"","","","",""
"","","","",""
"","","","",""
"","","","",""
"","","","",""
"","","","",""
"","","","",""
"","","","",""
"","","","",""
"","","","",""
"","","","",""
"","","","",""
"","","","",""
"","","","",""
"","","","",""
"","","","",""
"","","","",""
"","","","",""
"","","","",""
"","","","",""
"","","","",""
"","","","",""
"","","","",""
"","","","",""
"","","","",""
"","","","",""
"","","","",""
"","","","",""
"","","","",""
"","","","",""
"","","","",""
"","","","",""
"","","","",""
"","","","",""
"","","","",""
"","","","",""
"","","","",""
"","","","",""
"","","","",""
"","","","",""
"","","","",""
"","","","",""
"","","","",""
"","","","",""
"","","","",""
"","","","",""
"","","","",""
"","","","",""
"","","","",""
"","","","",""
"","","","",""
"","","","",""
"","","","",""
"","","","",""
"","","","",""
"","","","",""
"","","","",""
"","","","",""
"","","","",""
"","","","",""
"","","","",""
"","","","",""
"","","","",""
"","","","",""
"","","","",""
"","","","",""
"","","","",""
"","","","",""
"","","","",""
"","","","",""
"","","","",""
"","","","",""
"","","","",""
"","","","",""
"","","","",""
"","","","",""
"","","","",""
"","","","",""
"","","","",""
"","","","",""
"","","","",""
"","","","",""
"","","","",""
"","","","",""
"","","","",""
"","","","",""
"","","","",""
"","","","",""
"","","","",""
"","","","",""
"","","","",""
"","","","",""
"","","","",""
"","","","",""
"","","","",""
"","","","",""
"","","","",""
"","","","",""
"","","","",""
"","","","",""
"","","","",""
"","","","",""
"","","","",""
"","","","",""
"","","","",""
"","","","",""
"","","","",""
"","","","",""
"","","","",""
"","","","",""
"","","","",""
"","","","",""
"","","","",""
"","","","",""
"","","","",""
"","","","",""
"","","","",""
"","","","",""
"","","","",""
"","","","",""
"","","","",""
"","","","",""
"","","","",""
"","","","",""
"","","","",""
"","","","",""
"","","","",""
"","","","",""
"","","","",""
"","","","",""
"","","","",""
"","","","",""
"","","","",""
"","","","",""
"","","","",""
"","","","",""
"","","","",""
"","","","",""
"","","","",""
"","","","",""
"","","","",""
"","","","",""
"","","","",""
"","","","",""
"","","","",""
"","","","",""
"","","","",""
"","","","",""
"","","","",""
"","","","",""
"","","","",""
"","","","",""
"","","","",""
"","","","",""
"","","","",""
"","","","",""
"","","","",""
"","","","",""
"","","","",""
"","","","",""
"","","","",""
"","","","",""
"","","","",""
"","","","",""
"","","","",""
"","","","",""
"","","","",""
"","","","",""
"","","","",""
"","","","",""
"","","","",""
"","","","",""
"","","","",""
"","","","",""
"","","","",""
"","","","",""
"","","","",""
"","","","",""
"","","","",""
"","","","",""
"","","","",""
"","","","",""
"","","","",""
"","","","",""
"","","","",""
"","","","",""
"","","","",""
"","","","",""
"","","","",""
"","","","",""
"","","","",""
"","","","",""
"","","","",""
"","","","",""
"","","","",""
"","","","",""
"","","","",""
"","","","",""
"","","","",""
"","","","",""
"","","","",""
"","","","",""
"","","","",""
"","","","",""
"","","","",""
"","","","",""
"","","","",""
"","","","",""
"","","","",""
"","","","",""
"","","","",""
"","","","",""
"","","","",""
"","","","",""
"","","","",""
"","","","",""
"","","","",""
"","","","",""
"","","","",""
"","","","",""
"","","","",""
"","","","",""
"","","","",""
"","","","",""
"","","","",""
"","","","",""
"","","","",""
"","","","",""
"","","","",""
"","","","",""
"","","","",""
"","","","",""
"","","","",""
"","","","",""
"","","","",""
"","","","",""
"","","","",""
"","","","",""
"","","","",""
"","","","",""
"","","","",""
"","","","",""
"","","","",""
"","","","",""
"","","","",""
"","","","",""
"","","","",""
"","","","",""
"","","","",""
"","","","",""
"","","","",""
"","","","",""
"","","","",""
"","","","",""
"","","","",""
"","","","",""
"","","","",""
"","","","",""
"","","","",""
"","","","",""
"","","","",""
"","","","",""
"","","","",""
"","","","",""
"","","","",""
"","","","",""
"","","","",""
"","","","",""
"","","","",""
"","","","",""
"","","","",""
"","","","",""
"","","","",""
"","","","",""
"","","","",""
"","","","",""
"","","","",""
"","","","",""
"","","","",""
"","","","",""
"","","","",""
"","","","",""
"","","","",""
"","","","",""
"","","","",""
"","","","",""
"","","","",""
"","","","",""
"","","","",""
"","","","",""
"","","","",""
"","","","",""
"","","","",""
"","","","",""
"","","","",""
"","","","",""
"","","","",""
"","","","",""
"","","","",""
"","","","",""
"","","","",""
"","","","",""
"","","","",""
"","","","",""
"","","","",""
"","","","",""
"","","","",""
"","","","",""
"","","","",""
"","","","",""
"","","","",""
"","","","",""
"","","","",""
"","","","",""
"","","","",""
"","","","",""
"","","","",""
"","","","",""
"","","","",""
"","","","",""
"","","","",""
"","","","",""
"","","","",""
"","","","",""
"","","","",""
"","","","",""
"","","","",""
"","","","",""
"","","","",""
"","","","",""
"","","","",""
"","","","",""
"","","","",""
"","","","",""
"","","","",""
"","","","",""
"","","","",""
"","","","",""
"","","","",""
"","","","",""
"","","","",""
"","","","",""
"","","","",""
"","","","",""
"","","","",""
"","","","",""
"","","","",""
"","","","",""
"","","","",""
"","","","",""
"","","","",""
"","","","",""
"","","","",""
"","","","",""
"","","","",""
"","","","",""
"","","","",""
"","","","",""
"","","","",""
"","","","",""
"","","","",""
"","","","",""
"","","","",""
"","","","",""
"","","","",""
"","","","",""
"","","","",""
"","","","",""
"","","","",""
"","","","",""
"","","","",""
"","","","",""
"","","","",""
"","","","",""
"","","","",""
"","","","",""
"","","","",""
"","","","",""
"","","","",""
"","","","",""
"","","","",""
"","","","",""
"","","","",""
"","","","",""
"","","","",""
"","","","",""
"","","","",""
"","","","",""
"","","","",""
"","","","",""
"","","","",""
"","","","",""
"","","","",""
"","","","",""
"","","","",""
"","","","",""
"","","","",""
"","","","",""
"","","","",""
"","","","",""
"","","","",""
"","","","",""
"","","","",""
"","","","",""
"","","","",""
"","","","",""
"","","","",""
"","","","",""
"","","","",""
"","","","",""
"","","","",""
"","","","",""
"","","","",""
"","","","",""
"","","","",""
"","","","",""
"","","","",""
"","","","",""
"","","","",""
"","","","",""
"","","","",""
"","","","",""
"","","","",""
"","","","",""
"","","","",""
"","","","",""
"","","","",""
"","","","",""
"","","","",""
"","","","",""
"","","","",""
"","","","",""
"","","","",""
"","","","",""
"","","","",""
"","","","",""
"","","","",""
"","","","",""
"","","","",""
"","","","",""
"","","","",""
"","","","",""
"","","","",""
"","","","",""
"","","","",""
"","","","",""
"","","","",""
"","","","",""
"","","","",""
"","","","",""
"","","","",""
"","","","",""
"","","","",""
"","","","",""
"","","","",""
"","","","",""
"","","","",""
"","","","",""
"","","","",""
"","","","",""
"","","","",""
"","","","",""
"","","","",""
"","","","",""
"","","","",""
"","","","",""
"","","","",""
"","","","",""
"","","","",""
"","","","",""
"","","","",""
"","","","",""
"","","","",""
"","","","",""
"","","","",""
"","","","",""
"","","","",""
"","","","",""
"","","","",""
"","","","",""
"","","","",""
"","","","",""
"","","","",""
"","","","",""
"","","","",""
"","","","",""
"","","","",""
"","","","",""
"","","","",""
"","","","",""
"","","","",""
"","","","",""
"","","","",""
"","","","",""
"","","","",""
"","","","",""
"","","","",""
"","","","",""
"","","","",""
"","","","",""
"","","","",""
"","","","",""
"","","","",""
"","","","",""
"","","","",""
"","","","",""
"","","","",""
"","","","",""
"","","","",""
"","","","",""
"","","","",""
"","","","",""
"","","","",""
"","","","",""
"","","","",""
"","","","",""
"","","","",""
"","","","",""
"","","","",""
"","","","",""
"","","","",""
"","","","",""
"","","","",""
"","","","",""
"","","","",""
"","","","",""
"","","","",""
"","","","",""
"","","","",""
"","","","",""
"","","","",""
"","","","",""
"","","","",""
"","","","",""
"","","","",""
"","","","",""
"","","","",""
"","","","",""
"","","","",""
"","","","",""
"","","","",""
"","","","",""
"","","","",""
"","","","",""
"","","","",""
"","","","",""
"","","","",""
"","","","",""
"","","","",""
"","","","",""
"","","","",""
"","","","",""
"","","","",""
"","","","",""
"","","","",""
"","","","",""
"","","","",""
"","","","",""
"","","","",""
"","","","",""
"","","","",""
"","","","",""
"","","","",""
"","","","",""
"","","","",""
"","","","",""
"","","","",""
"","","","",""
"","","","",""
"","","","",""
"","","","",""
"","","","",""
"","","","",""
"","","","",""
"","","","",""
"","","","",""
"","","","",""
"","","","",""
"","","","",""
"","","","",""
"","","","",""
"","","","",""
"","","","",""
"","","","",""
"","","","",""
"","","","",""
"","","","",""
"","","","",""
"","","","",""
"","","","",""
"","","","",""
"","","","",""
"","","","",""
"","","","",""
"","","","",""
"","","","",""
"","","","",""
"","","","",""
"","","","",""
"","","","",""
"","","","",""
"","","","",""
"","","","",""
"","","","",""
"","","","",""
"","","","",""
"","","","",""
"","","","",""
"","","","",""
"","","","",""
"","","","",""
"","","","",""
"","","","",""
"","","","",""
"","","","",""
"","","","",""
"","","","",""
"","","","",""
"","","","",""
"","","","",""
"","","","",""
"","","","",""
"","","","",""
"","","","",""
"","","","",""
"","","","",""
"","","","",""
"","","","",""
"","","","",""
"","","","",""
"","","","",""
"","","","",""
"","","","",""
"","","","",""
"","","","",""
"","","","",""
"","","","",""
"","","","",""
"","","","",""
"","","","",""
"","","","",""
"","","","",""
"","","","",""
"","","","",""
"","","","",""
"","","","",""
"","","","",""
"","","","",""
"","","","",""
"","","","",""
"","","","",""
"","","","",""
"","","","",""
"","","","",""
"","","","",""
"","","","",""
"","","","",""
"","","","",""
"","","","",""
"","","","",""
"","","","",""
"","","","",""
"","","","",""
"","","","",""
"","","","",""
"","","","",""
"","","","",""
"","","","",""
"","","","",""
"","","","",""
"","","","",""
"","","","",""
"","","","",""
"","","","",""
"","","","",""
"","","","",""
"","","","",""
"","","","",""
"","","","",""
"","","","",""
"","","","",""
"","","","",""
"","","","",""
"","","","",""
"","","","",""
"","","","",""
"","","","",""
"","","","",""
"","","","",""
"","","","",""
"","","","",""
"","","","",""
"","","","",""
"","","","",""
"","","","",""
"","","","",""
"","","","",""
"","","","",""
"","","","",""
"","","","",""
"","","","",""
"","","","",""
"","","","",""
"","","","",""
"","","","",""
"","","","",""
"","","","",""
"","","","",""
"","","","",""
"","","","",""
"","","","",""
"","","","",""
"","","","",""
"","","","",""
"","","","",""
"","","","",""
"","","","",""
"","","","",""
"","","","",""
"","","","",""
"","","","",""
"","","","",""
"","","","",""
"","","","",""
"","","","",""
"","","","",""
"","","","",""
"","","","",""
"","","","",""
"","","","",""
"","","","",""
"","","","",""
"","","","",""
"","","","",""
"","","","",""
"","","","",""
"","","","",""
"","","","",""
"","","","",""
"","","","",""
"","","","",""
"","","","",""
"","","","",""
"","","","",""
"","","","",""
"","","","",""
"","","","",""
"","","","",""
"","","","",""
"","","","",""
"","","","",""
"","","","",""
"","","","",""
"","","","",""
"","","","",""
"","","","",""
"","","","",""
"","","","",""
"","","","",""
"","","","",""
"","","","",""
"","","","",""
"","","","",""
"","","","",""
"","","","",""
"","","","",""
"","","","",""
"","","","",""
"","","","",""
"","","","",""
"","","","",""
"","","","",""
"","","","",""
"","","","",""
"","","","",""
"","","","",""
"","","","",""
"","","","",""
"","","","",""
"","","","",""
"","","","",""
"","","","",""
"","","","",""
"","","","",""
"","","","",""
"","","","",""
"","","","",""
"","","","",""
"","","","",""
"","","","",""
"","","","",""
"","","","",""
"","","","",""
"","","","",""
"","","","",""
"","","","",""
"","","","",""
"","","","",""
"","","","",""
"","","","",""
"","","","",""
"","","","",""
"","","","",""
"","","","",""
"","","","",""
"","","","",""
"","","","",""
"","","","",""
"","","","",""
"","","","",""
"","","","",""
"","","","",""
"","","","",""
"","","","",""
"","","","",""
"","","","",""
"","","","",""
"","","","",""
"","","","",""
"","","","",""
"","","","",""
"","","","",""
"","","","",""
"","","","",""
"","","","",""
"","","","",""
"","","","",""
"","","","",""
"","","","",""
"","","","",""
"","","","",""
"","","","",""
"","","","",""
"","","","",""
"","","","",""
"","","","",""
"","","","",""
"","","","",""
"","","","",""
"","","","",""
"","","","",""
"","","","",""
"","","","",""
"","","","",""
"","","","",""
"","","","",""
"","","","",""
"","","","",""
"","","","",""
"","","","",""
"","","","",""
"","","","",""
"","","","",""
"","","","",""
"","","","",""
"","","","",""
"","","","",""
"","","","",""
"","","","",""
"","","","",""
"","","","",""
"","","","",""
"","","","",""
"","","","",""
"","","","",""
"","","","",""
"","","","",""
"","","","",""
"","","","",""
"","","","",""
"","","","",""
"","","","",""
"","","","",""
"","","","",""
"","","","",""
"","","","",""
"","","","",""
"","","","",""
"","","","",""
"","","","",""
"","","","",""
"","","","",""
"","","","",""
"","","","",""
"","","","",""
"","","","",""
"","","","",""
"","","","",""
"","","","",""
"","","","",""
"","","","",""
"","","","",""
"","","","",""
"","","","",""
"","","","",""
"","","","",""
"","","","",""
"","","","",""
"","","","",""
"","","","",""
"","","","",""
"","","","",""
"","","","",""
"","","","",""
"","","","",""
"","","","",""
"","","","",""
"","","","",""
"","","","",""
"","","","",""
"","","","",""
"","","","",""
"","","","",""
"","","","",""
"","","","",""
"","","","",""
"","","","",""
"","","","",""
"","","","",""
"","","","",""
"","","","",""
"","","","",""
"","","","",""
"","","","",""
"","","","",""
"","","","",""
"","","","",""
"","","","",""
"","","","",""
"","","","",""
"","","","",""
"","","","",""
"","","","",""
"","","","",""
"","","","",""
"","","","",""
"","","","",""
"","","","",""
"","","","",""
"","","","",""
"","","","",""
"","","","",""
"","","","",""
"","","","",""
"","","","",""
"","","","",""
"","","","",""
"","","","",""
"","","","",""
"","","","",""
"","","","",""
"","","","",""
"","","","",""
"","","","",""
"","","","",""
"","","","",""
"","","","",""
"","","","",""
"","","","",""
"","","","",""
"","","","",""
"","","","",""
"","","","",""
"","","","",""
"","","","",""
"","","","",""
"","","","",""
"","","","",""
"","","","",""
"","","","",""
"","","","",""
"","","","",""
"","","","",""
"","","","",""
"","","","",""
"","","","",""
"","","","",""
"","","","",""
"","","","",""
"","","","",""
"","","","",""
"","","","",""
"","","","",""
"","","","",""
"","","","",""
"","","","",""
"","","","",""
"","","","",""
"","","","",""
"","","","",""
"","","","",""
"","","","",""
"","","","",""
"","","","",""
"","","","",""
"","","","",""
"","","","",""
"","","","",""
"","","","",""
"","","","",""
"","","","",""
"","","","",""
"","","","",""
"","","","",""
"","","","",""
"","","","",""
"","","","",""
"","","","",""
"","","","",""
"","","","",""
"","","","",""
"","","","",""
"","","","",""
"","","","",""
"","","","",""
"","","","",""
"","","","",""
"","","","",""
"","","","",""
"","","","",""
"","","","",""
"","","","",""
"","","","",""
"","","","",""
"","","","",""
"","","","",""
"","","","",""
"","","","",""
"","","","",""
"","","","",""
"","","","",""
"","","","",""
"","","","",""
"","","","",""
"","","","",""
"","","","",""
"","","","",""
"","","","",""
"","","","",""
"","","","",""
"","","","",""
"","","","",""
"","","","",""
"","","","",""
"","","","",""
"","","","",""
"","","","",""
"","","","",""
"","","","",""
"","","","",""
"","","","",""
"","","","",""
"","","","",""
"","","","",""
"","","","",""
"","","","",""
"","","","",""
"","","","",""
"","","","",""
"","","","",""
"","","","",""
"","","","",""
"","","","",""
"","","","",""
"","","","",""
"","","","",""
"","","","",""
"","","","",""
"","","","",""
"","","","",""
"","","","",""
"","","","",""
"","","","",""
"","","","",""
"","","","",""
"","","","",""
"","","","",""
"","","","",""
"","","","",""
"","","","",""
"","","","",""
"","","","",""
"","","","",""
"","","","",""
"","","","",""
"","","","",""
"","","","",""
"","","","",""
"","","","",""
"","","","",""
"","","","",""
"","","","",""
"","","","",""
"","","","",""
"","","","",""
"","","","",""
"","","","",""
"","","","",""
"","","","",""
"","","","",""
"","","","",""
"","","","",""
"","","","",""
"","","","",""
"","","","",""
"","","","",""
"","","","",""
"","","","",""
"","","","",""
"","","","",""
"","","","",""
"","","","",""
"","","","",""
"","","","",""
"","","","",""
"","","","",""
"","","","",""
"","","","",""
"","","","",""
"","","","",""
"","","","",""
"","","","",""
"","","","",""
"","","","",""
"","","","",""
"","","","",""
"","","","",""
"","","","",""
"","","","",""
"","","","",""
"","","","",""
"","","","",""
"","","","",""
"","","","",""
"","","","",""
"","","","",""
"","","","",""
"","","","",""
"","","","",""
"","","","",""
"","","","",""
"","","","",""
"","","","",""
"","","","",""
"","","","",""
"","","","",""
"","","","",""
"","","","",""
"","","","",""
"","","","",""
"","","","",""
"","","","",""
"","","","",""
"","","","",""
"","","","",""
"","","","",""
"","","","",""
"","","","",""
"","","","",""
"","","","",""
"","","","",""
"","","","",""
"","","","",""
"","","","",""
"","","","",""
"","","","",""
"","","","",""
"","","","",""
"","","","",""
"","","","",""
"","","","",""
"","","","",""
"","","","",""
"","","","",""
"","","","",""
"","","","",""
"","","","",""
"","","","",""
"","","","",""
"","","","",""
"","","","",""
"","","","",""
"","","","",""
"","","","",""
"","","","",""
"","","","",""
"","","","",""
"","","","",""
"","","","",""
"","","","",""
"","","","",""
"","","","",""
"","","","",""
"","","","",""
"","","","",""
"","","","",""
"","","","",""
